HA,qt,Removal,finalpH,LeachingMg
0.0,14.1391,78.52466,10.788931,1.1504908
10.0,10.077689,104.69918,10.809564,1.6649389
